JobTitle,Company,Location,ApplicationLink
Warehouse Associate,Winebow,"Seattle, WA",https://job-openings.monster.com/warehouse-associate-seattle-wa-us-winebow/218771019
Controller,Randstad Professionals,"Bellevue, WA",https://job-openings.monster.com/controller-bellevue-wa-us-randstad-professionals/219222766
Warehouse Manager,Randstad,"Seattle, WA",https://job-openings.monster.com/warehouse-manager-seattle-wa-us-randstad/219178987
"Remote Mortgage Processor - Lucrative base, benefits and bonus!",Jobot,"Bellevue, WA",https://job-openings.monster.com/remote-mortgage-processor-lucrative-base-benefits-bonus-bellevue-wa-us-jobot/218709245
Chief Financial Officer,NAES,"Issaquah, WA",https://job-openings.monster.com/chief-financial-officer-issaquah-wa-us-naes/66d1072b-bcb0-4168-8439-e7dd8fae29ea
Warehouse Manager,Randstad,"Seattle, WA",https://job-openings.monster.com/warehouse-manager-seattle-wa-us-randstad/218730711
Principal Process Engineer,(BMS) Bristol-Myers Squibb,"Seattle, WA",https://job-openings.monster.com/principal-process-engineer-seattle-wa-us-bms-bristol-myers-squibb/19227929-ca49-4f28-8c92-b22b77fab690
Principal Process Engineer,Bristol Myers Squibb,"Seattle, WA",https://job-openings.monster.com/principal-process-engineer-seattle-wa-us-bristol-myers-squibb/03236cea-c0fc-4e7e-b91f-14fd6d0bb5e7
"Senior Process Engineer, Cell Therapy Manufacturing, Science & Technology","0020 E.R. Squibb & Sons,L.L.C.","Seattle, WA",https://job-openings.monster.com/senior-process-engineer-cell-therapy-manufacturing-science-technology-seattle-wa-us-0020-e-r-squibb-sons-l-l-c/1d53d173-3707-45ba-9a9c-be6c9decc4a4
Optical Product Process Engineer,Facebook,"Redmond, WA",https://job-openings.monster.com/optical-product-process-engineer-redmond-wa-us-facebook/a29bc252-9c5a-4956-95bb-593acf6d0a0e
Senior Software Engineer,Harman Connected Services Corporation India Private Limited,"San Diego, CA",https://job-openings.monster.com/senior-software-engineer-san-diego-ca-us-harman-connected-services-corporation-india-private-limited/218989389
Customer Success Process Engineer,Splunk,"Seattle, WA",https://job-openings.monster.com/customer-success-process-engineer-seattle-wa-us-splunk/78965eb1-6b3c-498d-b3da-d1302e76d02b
Process Engineer III,FUJIFILM,"Bothell, WA",https://job-openings.monster.com/process-engineer-iii-bothell-wa-us-fujifilm/5fe1b98f-8fcb-4b79-97ca-4e0b52e09311
Mechanical Process & Configuration Engineer,Philips,"Bothell, WA",https://job-openings.monster.com/mechanical-process-configuration-engineer-bothell-wa-us-philips/66ddc9ea-cb99-40ee-9b09-729d7fae59f8
Nanofab Process Engineer (9592136),PRO Unlimited @ Facebook,"Redmond, WA",https://job-openings.monster.com/nanofab-process-engineer-9592136-redmond-wa-us-pro-unlimited-facebook/65c45d47-5775-4a77-a233-2ffb36c78f18
Plasma Process Engineer,Tailored Management,"Redmond, WA",https://job-openings.monster.com/plasma-process-engineer-redmond-wa-us-tailored-management/912c2eea-6322-4820-bd25-aebe6278ce1d
Nanofab Process Engineer,"ICONMA, LLC","Redmond, WA",https://job-openings.monster.com/nanofab-process-engineer-redmond-wa-us-iconma-llc/1edac1cf-d102-40e1-a371-48d14c34f0d3
Process Engineer,Metagenics,"Gig Harbor, WA",https://job-openings.monster.com/process-engineer-gig-harbor-wa-us-metagenics/afb0007d-50ec-4620-a74c-375b3a9803f9
Magnetic Process Engineer,The Griffin Groupe,"Kirkland, WA",https://job-openings.monster.com/magnetic-process-engineer-kirkland-wa-us-the-griffin-groupe/67075e2a-1041-485c-9490-aa2e952c3d04
Electrical Process Controls Engineer,Liberty Jobs,"Kirkland, WA",https://job-openings.monster.com/electrical-process-controls-engineer-kirkland-wa-us-liberty-jobs/edfc1ce9-fcc0-4c24-a5a0-0fc3318bc9dc
Electrical Process Controls Engineer,Liberty Personnel Services Inc,"Kirkland, WA",https://job-openings.monster.com/electrical-process-controls-engineer-kirkland-wa-us-liberty-personnel-services-inc/e6af557f-9bd5-48cf-a0cf-2b4059ba1706
Starlink Manufacturing and Process Engineer (Gateway),SpaceX,"Redmond, WA",https://job-openings.monster.com/starlink-manufacturing-process-engineer-gateway-redmond-wa-us-spacex/cd410bfb-054f-46be-8ca5-e17b4b2edfc3
Process Engineer II,"0020 E.R. Squibb & Sons,L.L.C.","Seattle, WA",https://job-openings.monster.com/process-engineer-ii-seattle-wa-us-0020-e-r-squibb-sons-l-l-c/f6b836ef-6379-4a8a-b6c5-b3b48ca36846
Optical Product Process Engineer,Facebook,"Redmond, WA",https://job-openings.monster.com/optical-product-process-engineer-redmond-wa-us-facebook/392a3a1b-44db-4e4a-93a7-aa930e0e3b82
Process Engineer I,(BMS) Bristol-Myers Squibb,"Seattle, WA",https://job-openings.monster.com/process-engineer-i-seattle-wa-us-bms-bristol-myers-squibb/8918d7fe-7ab0-49e1-b55a-a4c8c8bf3a30
Process Engineer I,Bristol Myers Squibb,"Seattle, WA",https://job-openings.monster.com/process-engineer-i-seattle-wa-us-bristol-myers-squibb/781b8d9c-b5aa-4b4b-99e7-bf41b632b6e2
Process Engineer III,FUJIFILM,"Bothell, WA",https://job-openings.monster.com/process-engineer-iii-bothell-wa-us-fujifilm/4836ac44-3ccd-4cf5-a98d-66c65663e17e
Mechanical Process & Configuration Engineer,Philips,"Bothell, WA",https://job-openings.monster.com/mechanical-process-configuration-engineer-bothell-wa-us-philips/17593f36-f128-4dee-ae33-ff8dd15db929
Nanofab Process Engineer,Tailored Management,"Redmond, WA",https://job-openings.monster.com/nanofab-process-engineer-redmond-wa-us-tailored-management/630b5eb4-47ae-4731-8120-b564bf507557
NanoFab Process Engineer,"ICONMA, LLC","Redmond, WA",https://job-openings.monster.com/nanofab-process-engineer-redmond-wa-us-iconma-llc/1329d4a9-51c2-4f29-9900-3d14e41fbb3b
Process Engineer III,"0020 E.R. Squibb & Sons,L.L.C.","Seattle, WA",https://job-openings.monster.com/process-engineer-iii-seattle-wa-us-0020-e-r-squibb-sons-l-l-c/323879cc-0a6c-466b-b0fa-281bdab6b8cf
Process Engineer II,Bristol Myers Squibb,"Seattle, WA",https://job-openings.monster.com/process-engineer-ii-seattle-wa-us-bristol-myers-squibb/019f3d16-cf48-41c4-9b0c-16ba9966d87c
"Senior Process Engineer, Cell Therapy, Manufacturing, Science and Technology",(BMS) Bristol-Myers Squibb,"Seattle, WA",https://job-openings.monster.com/senior-process-engineer-cell-therapy-manufacturing-science-technology-seattle-wa-us-bms-bristol-myers-squibb/6d767044-4c3a-43ce-b028-880b29efabc2
Process Engineer- AR Systems,Facebook,"Redmond, WA",https://job-openings.monster.com/process-engineer-ar-systems-redmond-wa-us-facebook/029cfd82-1c17-4696-a49a-5e3475e1c223
NanoFab Process Engineer,Tailored Management,"Redmond, WA",https://job-openings.monster.com/nanofab-process-engineer-redmond-wa-us-tailored-management/37fd7386-904e-45e3-b671-5bafe993707c
Process Engineer III,"0020 E.R. Squibb & Sons,L.L.C.","Seattle, WA",https://job-openings.monster.com/process-engineer-iii-seattle-wa-us-0020-e-r-squibb-sons-l-l-c/25280faa-539e-4514-8a29-a953b1c6ca07
"Senior Process Engineer, Raw Materials",Bristol Myers Squibb,"Seattle, WA",https://job-openings.monster.com/senior-process-engineer-raw-materials-seattle-wa-us-bristol-myers-squibb/f3fc7cd2-8960-4e5b-8ce8-3f5d1086220d
Process Engineer- AR Systems,Facebook,"Redmond, WA",https://job-openings.monster.com/process-engineer-ar-systems-redmond-wa-us-facebook/f18505db-0424-4da9-9282-95aed21f5979
Senior Process Engineer - Seattle Team Lead,(BMS) Bristol-Myers Squibb,"Seattle, WA",https://job-openings.monster.com/senior-process-engineer-seattle-team-lead-seattle-wa-us-bms-bristol-myers-squibb/fc91fc52-82ba-439c-9472-3a93fd392f5c
Process Engineer II,"0020 E.R. Squibb & Sons,L.L.C.","Seattle, WA",https://job-openings.monster.com/process-engineer-ii-seattle-wa-us-0020-e-r-squibb-sons-l-l-c/ee915779-6da7-4f40-8b03-cc228b68a6eb
"Process Engineer, Nanofabrication",Facebook,"Redmond, WA",https://job-openings.monster.com/process-engineer-nanofabrication-redmond-wa-us-facebook/56c4273d-4e0a-47c3-a76b-dd505be85eee
Senior Process Engineer - Seattle Team Lead,Bristol Myers Squibb,"Seattle, WA",https://job-openings.monster.com/senior-process-engineer-seattle-team-lead-seattle-wa-us-bristol-myers-squibb/b6d59937-26a1-4abf-adb7-50b08de13283
"Senior Process Engineer, Raw Materials","0020 E.R. Squibb & Sons,L.L.C.","Seattle, WA",https://job-openings.monster.com/senior-process-engineer-raw-materials-seattle-wa-us-0020-e-r-squibb-sons-l-l-c/be1b313e-5132-43db-a7c7-e44f32319437
Process Engineer,Facebook,"Redmond, WA",https://job-openings.monster.com/process-engineer-redmond-wa-us-facebook/4beaa101-f5c1-43cb-a049-550b5833420e
"Senior Process Engineer, Cell Therapy Comparability","0020 E.R. Squibb & Sons,L.L.C.","Seattle, WA",https://job-openings.monster.com/senior-process-engineer-cell-therapy-comparability-seattle-wa-us-0020-e-r-squibb-sons-l-l-c/024cbbf5-6f46-4bbf-a39c-967249d63e7d
"Senior Process Engineer, Allogeneic Cell Therapy","0020 E.R. Squibb & Sons,L.L.C.","Seattle, WA",https://job-openings.monster.com/senior-process-engineer-allogeneic-cell-therapy-seattle-wa-us-0020-e-r-squibb-sons-l-l-c/c0197103-35ee-46ae-985b-a3ca0dc102e5
"Process Engineer III, Cell Therapy","0020 E.R. Squibb & Sons,L.L.C.","Seattle, WA",https://job-openings.monster.com/process-engineer-iii-cell-therapy-seattle-wa-us-0020-e-r-squibb-sons-l-l-c/d7ccc496-f1be-4ecb-bcb0-b2011fc986cb
"Staff Engineer I, Software Process Engineering",Samsung Electronics America,"Bellevue, WA",https://job-openings.monster.com/staff-engineer-i-software-process-engineering-bellevue-wa-us-samsung-electronics-america/6d0bb591-fd14-4452-a3fb-134c41747c73
"Principal Industrial Engineer, Supply Chain - Process",Nordstrom,"Seattle, WA",https://job-openings.monster.com/principal-industrial-engineer-supply-chain-process-seattle-wa-us-nordstrom/0ac7270b-9704-4057-9273-7c23267ab29f
"Staff Engineer II, Software Process Engineering",Samsung Electronics America,"Bellevue, WA",https://job-openings.monster.com/staff-engineer-ii-software-process-engineering-bellevue-wa-us-samsung-electronics-america/bdd7ae51-695b-47f7-851a-b70e400ea64b
Adhesives Process Engineering Technician,Tailored Management,"Redmond, WA",https://job-openings.monster.com/adhesives-process-engineering-technician-redmond-wa-us-tailored-management/8e7e0645-3423-4a38-8ef2-d4778ed70d70
"Director, Process Engineering","Seattle Genetics, Inc.","Bothell, WA",https://job-openings.monster.com/director-process-engineering-bothell-wa-us-seattle-genetics-inc/6c90fd30-4426-464d-826e-a40b192399ae
Process Engineering Tech,Tailored Management,"Redmond, WA",https://job-openings.monster.com/process-engineering-tech-redmond-wa-us-tailored-management/2530e517-837f-4fed-a0ed-27a7420803bd
Process Engineering Tech,Tailored Management,"Redmond, WA",https://job-openings.monster.com/process-engineering-tech-redmond-wa-us-tailored-management/839ce3c6-4a20-43f2-8943-ddcc32385b3a
Process Engineering Tech,Tailored Management,"Redmond, WA",https://job-openings.monster.com/process-engineering-tech-redmond-wa-us-tailored-management/31c4dd9c-72b2-41f3-9ad9-15c313fe6262
Process Engineering Tech,Tailored Management,"Redmond, WA",https://job-openings.monster.com/process-engineering-tech-redmond-wa-us-tailored-management/0fbb7328-cc85-4c94-8dd1-181beeacb278
Critical Power PLC Controls Engineer,"Peter Kazella & Associates, Inc.","Seattle, WA",https://job-openings.monster.com/critical-power-plc-controls-engineer-seattle-wa-us-peter-kazella-associates-inc/704821e7-24f6-443b-ae2c-cabb05bd7586
Sr. PLC/Maintenance Technician,Belcan,"Gig Harbor, WA",https://job-openings.monster.com/sr-plc-maintenance-technician-gig-harbor-wa-us-belcan/cafea068-5570-44f7-8116-1eeabc0ea98e
Automation Engineer 6,CDM Smith,"Seattle, WA",https://job-openings.monster.com/automation-engineer-6-seattle-wa-us-cdm-smith/5ca2fb91-3b9d-4770-8cf3-4c275b9acac4
Electrical Controls Engineer,Liberty Jobs,"Seattle, WA",https://job-openings.monster.com/electrical-controls-engineer-seattle-wa-us-liberty-jobs/b1762ff0-00b2-41f2-8992-5a1a09ae1e9f
Electrical Controls Engineer,Liberty Personnel Services Inc,"Seattle, WA",https://job-openings.monster.com/electrical-controls-engineer-seattle-wa-us-liberty-personnel-services-inc/73af13ec-5ed8-4a10-a580-d97d0e1d5e31
Network Integration Technician w/ SCADA,Brillio,"Redmond, WA",https://job-openings.monster.com/network-integration-technician-w-scada-redmond-wa-us-brillio/4f19ae2a-77b9-4818-ab0f-a49d8985974f
Sr. PLC/Maintenance Technician,Belcan,"Gig Harbor, WA",https://job-openings.monster.com/sr-plc-maintenance-technician-gig-harbor-wa-us-belcan/119fc578-c769-438f-8692-2e792e0c73de
Automation Engineer 6,CDM Smith,"Seattle, WA",https://job-openings.monster.com/automation-engineer-6-seattle-wa-us-cdm-smith/570b5808-8f08-497b-b49b-3900318b5ec9
Electrical Controls Engineer,Liberty Jobs,"Lynnwood, WA",https://job-openings.monster.com/electrical-controls-engineer-lynnwood-wa-us-liberty-jobs/3a9733e5-c792-4629-9e86-049e37b235ff
Software Engineer - Optics Instrumentation and Analysis,Tailored Management,"Redmond, WA",https://job-openings.monster.com/software-engineer-optics-instrumentation-analysis-redmond-wa-us-tailored-management/2b200eae-6cff-43fc-b134-0d8b580b05f2
Automation Engineer 6,CDM Smith,"Bellevue, WA",https://job-openings.monster.com/automation-engineer-6-bellevue-wa-us-cdm-smith/5102b37d-bb0f-48ca-8b27-0d03bb635701
Ground Autonomy Engineer,Belcan,"Kent, WA",https://job-openings.monster.com/ground-autonomy-engineer-kent-wa-us-belcan/a986525d-58bf-48f2-83fd-3922f88a1e51
MES Sytem Administrator,Tailored Management,"Redmond, WA",https://job-openings.monster.com/mes-sytem-administrator-redmond-wa-us-tailored-management/e5fdaed6-cbb8-40e5-9be7-ca9ffacff285
Automation Engineer 6,CDM Smith,"Bellevue, WA",https://job-openings.monster.com/automation-engineer-6-bellevue-wa-us-cdm-smith/09b03031-7563-4e8a-a1d8-9d84c1723c95
Ground Autonomy Engineer,Belcan,"Kent, WA",https://job-openings.monster.com/ground-autonomy-engineer-kent-wa-us-belcan/a4f8052d-1da1-4ed1-94cd-43573d6b6960
MES System Administrator,Tailored Management,"Redmond, WA",https://job-openings.monster.com/mes-system-administrator-redmond-wa-us-tailored-management/abbad80b-b47b-480d-8131-5c2807aad695
Senior Engineer,(BMS) Bristol-Myers Squibb,"Seattle, WA",https://job-openings.monster.com/senior-engineer-seattle-wa-us-bms-bristol-myers-squibb/2f58f013-01ac-4ff6-a2b2-776a01e36025
Senior Engineer,Bristol Myers Squibb,"Seattle, WA",https://job-openings.monster.com/senior-engineer-seattle-wa-us-bristol-myers-squibb/0432f2bf-1973-4716-9f3c-f3f7b92235ef
Electrical Controls Engineer,Liberty Jobs,"Seattle, WA",https://job-openings.monster.com/electrical-controls-engineer-seattle-wa-us-liberty-jobs/617b65ed-a2e8-491c-b901-6614fe7d8630
Automation Specialist,Sonepar USA,"Seattle, WA",https://job-openings.monster.com/automation-specialist-seattle-wa-us-sonepar-usa/c2ca6481-8f1c-47ed-a36d-6dd303c94a69
